昵称,QQ 号,描述
"帅哥",1482651,"商品类广告"
"冉🥚",1729812,"赌博类广告"
"小北",3747638,"商品类广告"
"My",5665876,"色情类广告"
"小西",10482139,"商品类广告"
"阿豪",10544324,"商品类广告"
"小西",10654011,"商品类广告"
"阿晨",10745401,"商品类广告"
"阿辰",10824969,"商品类广告"
"小伟",10831285,"商品类广告"
"陈泽",10841815,"商品类广告"
"小伟",10878242,"商品类广告"
"刘旭",11405240,"商品类广告"
"阿晨",11961741,"商品类广告"
"阿晨",14530219,"商品类广告"
"z川",14609076,"商品类广告"
"小凤",17041647,"色情类广告"
"陈文正",18165735,"商品类广告"
"陈泽",18970391,"商品类广告"
"小世界",22798241,"商品类广告"
"阿晨",25747117,"商品类广告"
"阿晨",26417919,"商品类广告"
"小陈",26803944,"商品类广告"
"阿辰",27391639,"商品类广告"
"阿辰",28382864,"商品类广告"
"蓝天",28459005,"色情类广告"
"小琴饱饱",28707190,"色情类广告"
"陈欢欢",29247251,"赌博类广告"
"小伟",29541706,"商品类广告"
"世界",35418712,"兼职类广告"
"小伟",38865163,"商品类管"
"小伟",41377385,"商品类广告"
"纯欲",42391388,"商品类广告"
"⁠⁡⁠⁠",42881188,"商品类广告"
"陈晨",44946815,"商品类广告"
"陈泽",46369880,"商品类广告"
"飞一样的感觉",53709448,"商品类广告"
"林亦然",56314439,"商品类广告"
"小北",58307529,"商品类广告"
"小杨",70788672,"商品类广告"
"故事",76042688,"色情类广告"
"小陈",77801035,"商品类广告"
"空军",78445227,"商品类广告"
"净",80157001,"商品类广告"
"陈晨",81543862,"商品类广告"
"阿豪",82117291,"商品类广告"
"离岛",82237344,"色情类广告"
"陈泽",82634217,"商品类广告"
"小陈",83018644,"商品类广告"
"陈少伟",86264346,"商品类广告"
"Mole鸢",86774764,"商品类广告"
"七友",95856916,"商品类广告"
"     许愿                         ",97971311,"商品类广告"
"草莓酱🍓",104390671,"色情类广告"
"种小猫",109620271,"兼职类广告"
" 妄自菲薄 ",112957336,"色情类广告"
"小馒头",158812691,"商品类广告"
"彭哥",160325434,"商品类广告"
"小叶子",164626044,"商品类广告"
"霸道",166653142,"兼职类广告"
"欣",176455123,"色情类广告"
"A。风玲",179748959,"色情类广告"
"，",188355330,"商品类广告"
"鹏程",189978394,"色情类广告"
"玉兰亭",192518397,"色情类广告"
"温柔",193759387,"商品类广告"
"1",194373868,"兼职类广告"
"吧唧",202171546,"兼职类广告"
"诗晴",203252945,"色情类广告"
"黎ba啦",204179135,"兼职类广告"
"kimi1o",207923825,"商品类广告"
"，",212149327,"色情类广告"
"figure",212245605,"色情类广告"
"泽泽",212422041,"商品类广告"
"芳芯",212450298,"色情类广告"
"遇",212546868,"色情类广告"
"阿龙",215271634,"商品类广告"
"十二",227018169,"色情类广告"
"芝士小熊",229116612,"兼职类广告"
"初遇你时很特别",234405020,"兼职类广告"
"十六",239993131,"兼职类广告"
"轻歌",241784062,"色情类广告"
"姜雪",242563902,"色情类广告"
"雪珍",248821385,"色情类广告"
"屠夫",257408038,"色情类广告"
"影子",259846298,"商品类广告"
"琦ovo",262283879,"商品类广告"
"聍",262563814,"商品类广告"
"暧昧",264255718,"商品类广告"
"修女",264415685,"色情类广告"
"墙",264661476,"商品类广告"
"余温",271703896,"商品类广告"
"微辣",275940841,"色情类广告"
"樱桃小丸子",278265656,"色情类广告"
"道法",283388560,"商品类广告"
"小蛋蛋。",285395815,"色情类广告"
"北辰",286945703,"商品类广告"
"零.",292338760,"色情类广告"
"alin",306507855,"色情类广告"
"是你",308586745,"色情类广告"
"十二月二十五日",308844429,"通知群类广告"
"唯一",311809466,"商品类广告"
"夏曦",323404416,"色情类广告"
"嫣然清梦",323609006,"色情类广告"
"小杨",334456601,"商品类广告"
"江川.",337055587,"商品类广告"
"小空",341059310,"商品类广告"
"轻蔑",352513068,"色情类广告"
"茄子",354055801,"兼职类广告"
"子宇",354766107,"色情类广告"
"ㅤㅤㅤㅤ",356079743,"色情类广告"
"阿神",357532825,"色情类广告"
"多情小妹妹",366642565,"色情类广告"
"月月",372281685,"商品类广告"
"张子枫",373092415,"商品类广告"
"柔情",374588796,"色情类广告"
"媤",377680864,"拉人进群"
"林梦萱",378263945,"色情类广告"
"白逸",380742963,"商品类广告"
"koko酱",395362402,"色情类广告"
"寂寞影子丶",397528654,"色情类广告"
"Green风",398837137,"商品类广告"
"想念的酸2",399827639,"色情类广告"
"青岛之恋",407570410,"色情类广告"
"翱翔天空",422545582,"商品类广告"
"冰凉的感觉",422932654,"商品类广告"
"·",425490253,"拉人进群"
"小鲤",427884618,"色情类广告"
"阿妤愛欣",430803586,"商品类广告"
"倩采",430986792,"色情类广告"
"坏哥哥",431757693,"色情类广告"
"奇",439227040,"商品类广告"
"平静",441011915,"金融类广告"
"颜妹",441847924,"色情类广告"
"可以",457316024,"商品类广告"
".",457574367,"色情类广告"
"意中人",460844232,"商品类广告"
"baby",461413821,"色情类广告"
"小叮当-",463305441,"色情类广告"
"祈小媛",465493623,"色情类广告"
"风妹妹",466196762,"色情类广告"
"电子",467313196,"商品类广告"
"小野",467328813,"色情类广告"
"QQ用户",469137676,"商品类广告"
"迟来的泪水",469977507,"色情类广告"
"曹玲珑",477654704,"色情类广告"
"钢盏",478254838,"色情类广告"
"小灰灰他爸",478324332,"商品类广告"
"tear",480833858,"商品类广告"
"知春",482148360,"商品类广告"
"E",483690396,"商品类广告"
"林可儿",487191804,"色情类广告"
"..",488492482,"兼职类广告"
"蛇舌",491494813,"商品类广告"
"Amxosihx",495572903,"色情类广告"
"新一",507534897,"色情类广告"
"只 有 眼 泪 最 真 实",511716012,"色情类广告"
"无忧",528301054,"商品类广告"
"李詹",528795992,"商品类广告"
"菲菲葵.",536155545,"色情类广告"
"🌚",539801579,"色情类广告"
"。",542548564,"商品类广告"
"失败的man",551487542,"色情类广告"
"易",565450142,"商品类广告"
"记得按时吃饭",572002719,"商品类广告"
"推",574929408,"商品类广告"
"晚风",578062615,"兼职类广告"
"识别",578368388,"商品类广告"
"希希",593766275,"色情类广告"
"彩虹",617739229,"色情类广告"
"-沫沫",635905284,"色情类广告"
"锦鲤",639068403,"色情类广告"
"楚乔",639400347,"色情类广告"
"含有",642407013,"色情类广告"
"林芠",643843801,"赌博类广告"
"讽刺-.-",654374532,"商品类广告"
"可可",669778665,"商品类广告"
"肥猫",673468635,"商品类广告"
"醉心",707203585,"色情类广告"
"陌生人",707217089,"商品类广告"
"狂奔",715896687,"色情类广告"
" ",719609445,"色情类广告"
"星子",721506650,"商品类广告"
"p巴巴p",727372981,"色情类广告"
"粉色",727977554,"色情类广告"
"静静",730333291,"商品类广告"
"晚安😪",730508523,"色情类广告"
"圣诞树",731326635,"色情类广告"
"等候",748664544,"色情类广告"
"..",752472007,"商品类广告"
"棉",755345412,"商品类广告"
"沪招",757947127,"兼职类广告"
"923",766207619,"商品类广告"
"恩恩",768853838,"兼职类广告"
"V小海",780167431,"色情类广告"
"岁月",781911122,"商品类广告"
"钢子",790226804,"拉人进群"
"蜜桃",799893894,"商品类广告"
"回忆",826171565,"色情类广告"
"笛掷",827079845,"色情类广告"
"徐明",827537643,"商品类广告"
"乄思夜ヾ",827947413,"色情类广告"
"蛇年大吉",838023397,"拉人进群"
"我",842769318,"商品类广告"
"雨儿",844337229,"色情类广告"
"胜者词幽",859079254,"商品类广告"
"财符",859918898,"商品类广告"
"荷上轻烟",860712317,"色情类广告"
"终究成不了主角",872984449,"色情类广告"
"阿猫",876708000,"色情类广告"
"-时光踏路已久",893349272,"色情类广告"
"图",896624748,"兼职类广告"
"Summerㄨ 余 忆",907804800,"商品类广告"
"招",908106559,"兼职类广告"
"涂糊",911857957,"商品类广告"
"寿司🍑",912549751,"商品类广告"
"小鹿吖",915738354,"商品类广告"
"CcCc",921793891,"兼职类广告"
"泛舟星川",923154321,"课程类广告"
"解忧杂货铺",927457966,"商品类广告"
"WW",943813404,"兼职类广告"
"大王",951189174,"色情类广告"
"川川最靓",951841289,"商品类广告"
"1111",952474660,"色情类广告"
"恋海",952583583,"兼职类广告"
"圣域",959414574,"商品类广告"
"氿",972589773,"色情类广告"
"小",976347339,"色情类广告"
"夏木",977261386,"色情类广告"
"心怀宽广",993334607,"色情类广告"
"咸鱼",996088387,"商品类广告"
"啥也不是",996187999,"色情类广告"
"夏天",1002462313,"商品类广告"
"Money",1002657320,"色情类广告"
"愚蠢至极",1003473524,"商品类广告"
"若如初见",1005736452,"商品类广告"
"颜白-收兔版",1006806996,"商品类广告"
"后悔",1024945799,"色情类广告"
"冲动的惩罚",1026799542,"色情类广告"
"Hey",1028325286,"色情类广告"
"了勒",1029354532,"色情类广告"
"伴👉",1029660220,"兼职类广告"
"一帆风顺",1033380237,"兼职类广告"
"怡",1039569429,"商品类广告"
"xuan",1047876603,"兼职类广告"
"宋澈",1049443860,"色情类广告"
"勿忘心安",1052796585,"色情类广告"
"-小迷妹",1066252680,"色情类广告"
"一生一世",1073670596,"色情类广告"
"=⩌⩊⩌=",1075319750,"兼职类广告"
"骨感i渲染",1091263527,"色情类广告"
"笨小熊～",1093920363,"色情类广告"
"人人寄",1101973120,"兼职类广告"
"情绪",1102438828,"色情类广告"
"天真",1104816143,"商品类广告"
"萘",1115127261,"兼职类广告"
"我呆救救我",1119181572,"商品类广告"
"以诺起誓",1123580916,"赌博类广告"
"妮妮",1130419590,"色情类广告"
"初雪",1137949793,"色情类广告"
"东北正宗满族老察马看事",1140070500,"商品类广告"
"泪痕",1140115086,"商品类广告"
"Kevon",1149760183,"色情类广告"
"寂寞",1154945267,"色情类广告"
"筱",1163125256,"色情类广告"
"本群不能发视频和图片",1173551527,"商品类广告"
"马猴",1181120908,"色情类广告"
"遗憾/",1181863401,"色情类广告"
"沐白",1194310936,"色情类广告"
"云澈",1196452571,"兼职类广告"
"哈基妮",1208168778,"商品类广告"
"暖笙",1215921207,"商品类广告"
"黎明",1219173004,"兼职类广告"
"天青色~",1228154700,"色情类广告"
"花落ヽ莫相离",1244097396,"色情类广告"
"西伯利亚渔夫",1245214166,"拉人进群"
"Anler顾思颜",1245478861,"商品类广告"
"无言",1250427355,"兼职类广告"
"。。。。。",1252164792,"色情类广告"
"敏",1258202935,"兼职类广告"
"☞㊣☜",1261805850,"色情类广告"
"老外",1265059606,"色情类广告"
"美女爱帅哥",1269516011,"色情类广告"
"等风.",1274388711,"色情类广告"
"周",1275280395,"商品类广告"
"林子",1278104922,"色情类广告"
"🥬",1282378124,"兼职类广告"
"小野猫",1283066764,"色情类广告"
"于是",1284164613,"商品类广告"
"我总孤苦无依",1287907194,"商品类广告"
"侔菩",1289522172,"色情类广告"
"秋水",1297988263,"商品类广告"
"u调整",1302034971,"色情类广告"
"零度",1310718052,"商品类广告"
"雾里看花",1311212778,"色情类广告"
"涼城樹下☺️☺️☺️☺️",1315602202,"商品类广告"
"通",1317351264,"商品类广告"
"夫妻",1320537961,"色情类广告"
"子",1320913386,"商品类广告"
"布偶",1327374115,"商品类广告"
"疯仔说、我没疯/",1337969115,"色情类广告"
"陈少杰",1342944816,"商品类广告"
"麋鹿",1343918904,"商品类广告"
"世界以痛吻我",1346065038,"商品类广告"
"没人理的小仙女",1346712462,"色情类广告"
"静心",1348183810,"色情类广告"
"彼岸",1352681674,"色情类广告"
"面包",1354297820,"兼职类广告"
"莉莉",1356773323,"色情类广告"
"橙子掉",1362024178,"色情类广告"
"爱",1364911407,"商品类广告"
"王美娇",1368968615,"色情类广告"
"可爱多",1374897441,"商品类广告"
"果子",1390546111,"商品类广告"
"老衲亲一口",1390601546,"色情类广告"
"黑暗的角落",1403996770,"色情类广告"
"拥你入怀",1404727996,"兼职类广告"
"伊伊控",1404783284,"商品类广告"
"大马力",1406022564,"色情类广告"
".",1409187144,"兼职类广告"
"念晴天",1410434959,"色情类广告"
"三寸~1",1413276120,"金融类广告"
"-楠汐-",1415899972,"赌博类广告"
"白鸽",1416716978,"色情类广告"
"诗晴",1417897796,"色情类广告"
"刘旭",1425913250,"商品类广告"
"sdghh",1428609410,"色情类广告"
"首富",1433725209,"兼职类广告"
"王昭君",1433838839,"色情类广告"
".",1436125441,"兼职类广告"
"公主",1442265949,"拉人进群"
"小男孩",1456019479,"拉人进群"
".",1457880839,"色情类广告"
"小🚗",1459357211,"兼职类广告"
"~不傻",1462166720,"色情类广告"
"——",1468187086,"兼职类广告"
"丑丑",1469948053,"色情类广告"
"ui",1472849252,"商品类广告"
"独断万古",1482371748,"商品类广告"
"蔼玲",1484691449,"色情类广告"
"反转",1485466564,"色情类广告"
"九妹",1485884326,"色情类广告"
"bule",1491827413,"色情类广告"
"帅哥✅扩列➕",1498151049,"商品类广告"
"赵",1498650891,"色情类广告"
"情难解.",1502752009,"色情类广告"
"疚爱",1503034852,"色情类广告"
"雨",1503642506,"商品类广告"
"归 .",1503965475,"商品类广告"
"老有老的味道",1503991982,"色情类广告"
"我不是小猪",1504716714,"商品类广告"
"小欢",1513482864,"色情类广告"
"侧脸",1528381540,"色情类广告"
".",1536901140,"兼职类广告"
"淡色",1559374552,"色情类广告"
"无糖",1563392590,"找女生爆金币"
"贠顺",1563591276,"色情类广告"
"出去",1563614881,"色情类广告"
"纯爱",1570744163,"色情类广告"
"蜡笔小新新",1572199550,"色情类广告"
".",1573487530,"商品类广告"
"泡泡",1580318430,"色情类广告"
"➗",1586803498,"商品类广告"
"幸运咖",1592056653,"兼职类广告（公共厕所写广告）"
"无知无觉",1598358963,"商品类广告"
"梵.",1598731539,"商品类广告"
"王大叔",1602619808,"色情类广告"
"怜爱",1608720799,"商品类广告"
"雪珍",1619919879,"色情类广告"
"ZH",1622198944,"兼职类广告"
"久未放晴的天空",1627346237,"商品类广告"
"心动",1632457118,"色情类广告"
"柠檬🍋",1634677460,"色情类广告"
"飞起来",1634908919,"色情类广告"
"吮未",1648063685,"色情类广告"
"主主",1650420684,"色情类广告"
"ゆ小女人味",1650977539,"色情类广告"
"情绪",1651128290,"商品类广告"
"丝滑小芙",1652876890,"色情类广告"
"只想与你更接近",1658327942,"色情类广告"
"红蝶",1663871471,"色情类广告"
"Memorial",1664972033,"商品类广告"
"木木",1678039705,"色情类广告"
"👑",1679342643,"色情类广告"
"夏日的夏天",1683200542,"兼职类广告"
"北城",1683342117,"拉人进群"
"求贤",1684407325,"商品类广告"
"季度g",1691169038,"色情类广告"
"☆★**★☆",1693617727,"色情类广告"
".",1697340484,"兼职类广告"
"雨落成言",1701733544,"商品类广告"
"秉风",1704536077,"兼职类广告"
"不懂浪漫",1705589278,"色情类广告"
"www.",1705589364,"色情类广告"
"yiyo谢谢",1706716498,"色情类广告"
"心愿",1708185440,"商品类广告"
"提莫",1708535840,"色情类广告"
"柒柒",1709328900,"色情类广告"
"素颜霜",1709375067,"商品类广告"
"星星",1712416050,"色情类广告"
"奶猫",1722218281,"色情类广告"
"冰冰乐",1724060590,"色情类广告"
"技术员",1737302630,"商品类广告"
"Milky",1744219374,"商品类广告"
"草莓🍓",1745143093,"色情类广告"
"戏苑",1748083912,"兼职类广告"
"十一.",1750881966,"色情类广告"
"东门化晨",1751359725,"色情类广告"
"落泪",1754049673,"拉人进群"
"楼兰",1754173820,"色情类广告"
"偷亲",1757154422,"商品类广告"
"阳妹妹",1758759627,"色情类广告"
"出",1767150786,"商品类广告"
"稚鬼",1767744020,"色情类广告"
"雨过天晴",1768706246,"商品类广告"
"赵从蓉",1772699451,"色情类广告"
"11",1773525351,"兼职类广告"
"爱远行",1778019123,"色情类广告"
"彼岸",1785351712,"色情类广告"
"温柔鬼余生",1786029499,"商品类广告"
"不",1794898264,"商品类广告"
"失",1796404979,"商品类广告"
"挽回",1802604119,"色情类广告"
"严艺可",1810705123,"拉人进群"
"林肆渊",1819236212,"拉人进群"
"Sᴍɪʟ꯭ᴇ꯭ ꯭  ",1822678967,"商品类广告"
"小美",1825717907,"商品类广告"
"久久。",1827400658,"兼职类广告"
"高端黑",1828108098,"色情类广告"
"小北",1828963009,"商品类广告"
"依依",1834019269,"色情类广告"
"会心",1840494449,"色情类广告"
"茶色时光",1841039299,"色情类广告"
"早安",1843147669,"拉人进群"
"ovo",1846221966,"兼职类广告"
"c.c",1848207526,"商品类广告"
"少萝",1851712591,"商品类广告"
"哈基冉",1851946626,"商品类广告"
"A消火的少女",1870627859,"色情类广告"
"自由如风",1870711863,"色情类广告"
"甜粥",1873930764,"兼职类广告"
"瑶瑶",1874039162,"商品类广告"
"oo",1875937827,"拉人进群"
"⁤　͏",1877990554,"拉人进群"
"雨眠几曲",1900185121,"商品类广告"
"每天都好困.",1903149482,"兼职类广告"
"辜负",1905762540,"色情类广告"
"萝莉宝宝",1906530676,"色情类广告"
"-羨羨",1912238552,"色情类广告"
"荣雪",1917689562,"拉人进群"
"M",1921254216,"商品类广告"
"乐乐啊",1923827706,"色情类广告"
"花落半歌",1925128533,"色情类广告"
"王者",1929513758,"商品类广告"
"人生无奈",1930166070,"色情类广告"
"悲伤",1932420097,"商品类广告"
"黄雅苑",1932716335,"拉人进群"
"大",1939088959,"色情类广告"
"给糖就不闹.",1939544088,"色情类广告"
"饮湿",1940525493,"色情类广告"
"小白",1942294740,"兼职类广告"
"北梦",1944424588,"色情类广告"
"Az",1945224624,"拉人进群"
"@梁友安",1954630898,"色情类广告"
"下致",1955940693,"色情类广告"
"段鹏",1957521258,"色情类广告"
"阿豪",1957980537,"商品类广告"
"東",1959762784,"商品类广告"
"草莓味",1961252642,"色情类广告"
"万特",1963234581,"色情类广告"
"小北",1965959360,"商品类广告"
"Uma",1966445470,"拉人进群"
"墙",1967372711,"商品类广告"
"小可爱",1967588369,"商品类广告"
"泽希",1968465017,"兼职类广告"
"小鱼",1972741141,"商品类广告"
"宁夏",1976706592,"色情类广告"
"晴妹",1977840363,"色情类广告"
"那个夏天",1979469628,"色情类广告"
"初恋",1992803972,"色情类广告"
"星月护你",2010302579,"色情类广告"
"伦敦下小雪",2012132159,"商品类广告"
"林依然",2012952814,"色情类广告"
"迷茫的爱",2014741400,"色情类广告"
"无心",2016871679,"色情类广告"
"女高猫猫",2019269994,"色情类广告"
"小爱爱",2022405672,"商品类广告"
"前程似锦",2022642447,"兼职类广告"
"Y.",2022809077,"色情类广告"
"yumi",2024999418,"商品类广告"
"奔波j",2027113714,"商品类广告"
"王小乐",2034028061,"商品类广告"
"青青园中葵",2034545129,"商品类广告"
"小英",2044185192,"色情类广告"
"夏曦",2045217701,"色情类广告"
"幻琴",2047423695,"色情类广告"
"雀.",2048930693,"色情类广告"
"all",2050028647,"商品类广告"
"枫叶",2050568339,"拉人进群"
"睡不醒",2052281520,"色情类广告"
"香港精英",2052540254,"拉人进群"
"梦幻之旅",2052767508,"色情类广告"
"本群不能发图片和视频",2056625770,"商品类广告"
"祈愿小涵.",2058118602,"色情类广告"
"淼淼",2059356060,"商品类广告"
"小陈",2059514677,"商品类广告"
"与君初相识",2062648517,"商品类广告"
"🙋梓萱",2069656895,"兼职类广告"
"心想事成",2075937429,"兼职类广告"
"名媛",2082862009,"商品类广告"
"四海浪荡客",2086482115,"色情类广告"
"春",2086811270,"色情类广告"
"Tt",2091638460,"商品类广告"
"无需多言",2092197914,"商品类广告"
"Xx_",2095174443," 商品类广告"
"悲",2095285727,"拉人进群"
"小淑",2099959245,"商品类广告"
"请许我一世不败",2101423137,"色情类广告"
"hao",2106408145,"商品类广告"
"ajk",2106840561,"色情类广告"
"情天恨海",2109984595,"商品类广告"
"草莓菠萝蜜",2111685078,"色情类广告"
"印度",2115827902,"商品类广告"
"捏捏脸",2116512768,"商品类广告"
"绵绵小羊",2117786985,"色情类广告"
"清描淡写",2124152250,"商品类广告"
".",2128161136,"兼职类广告"
"家庭主妇",2133245356,"色情类广告"
"11222",2134153961,"色情类广告"
"安心",2134498314,"课程类广告"
"龙妹妹",2139320997,"色情类广告"
"k豆",2140064423,"商品类广告"
"伤心的女人",2142805464,"色情类广告"
"静秋",2143386738,"色情类广告"
"叹倦",2144109898,"赌博类广告"
"一帆风顺",2145374591,"色情类广告"
"代",2147588038,"论文类广告"
"人生也不过如此",2148403615,"色情类广告"
"又少",2149694253,"商品类广告"
"八卦",2150714626,"商品类广告"
"欣雨",2155839047,"兼职类广告"
"龙源",2155963971,"商品类广告"
"茜茜",2156638106,"兼职类广告"
"@颖颖",2156907049,"色情类广告"
"林七夜",2159472464,"商品类广告"
"挂群不回消息",2159759504,"兼职类广告"
"。",2161235754,"赌博类广告"
"k",2161597495,"拉人进群"
"大眼瞪小眼",2163130793,"商品类广告"
"小伟",2163658344,"商品类广告"
"向日葵",2163949334,"色情类广告"
"莉莉不吃香菜",2165159372,"兼职类广告"
"水印",2172688971,"商品类广告"
".",2173995021,"兼职类广告"
"城",2176737651,"色情类广告"
"1",2177446850,"商品类广告"
"Qqq",2177456687,"商品类广告"
"雪珍",2177982872,"色情类广告"
"小谢同学",2181414722,"色情类广告"
"不吃饭",2182799667,"商品类广告"
"褐色",2183554574,"色情类广告"
"李丝诗",2184182325,"色情类广告"
"后门",2186807855,"商品类广告"
"咪老师",2196473930,"色情类广告"
"困.",2201318448,"兼职类广告"
"怿",2205322357,"拉人进群"
"平安",2205542750,"色情类广告"
"野花香",2205960146,"色情类广告"
"加我好的321",2208850755,"兼职类广告"
"高萍",2208887589,"色情类广告"
"草莓味的小仙女",2213731325,"色情类广告"
"午夜艾斯",2220199532,"色情类广告"
"阳光",2223996857,"色情类广告"
"C宝",2226429134,"色情类广告"
"余贯领",2226763392,"色情类广告"
"想念的酸",2228023402,"色情类广告"
"短辫",2229300178,"兼职类广告"
"甜妹霖",2235128946,"兼职类广告"
"海",2235743473,"兼职类广告"
"小伟",2241284516,"商品类广告"
"雾",2241562898,"兼职类广告"
"免",2241997891,"商品类广告"
"折合",2242736069,"色情类广告"
"小唐呀",2250950787,"拉人进群"
"啾啾",2251841582,"色情类广告"
"花海",2253737550,"色情类广告"
"草莓.",2256413976,"拉人进群"
"奈斯.",2257907597,"商品类广告"
"小西",2258104139,"商品类广告"
".",2261668319,"色情类广告"
"14",2264876005,"色情类广告"
" ㅤ绵羊",2268161584,"色情类广告"
"客妹",2273575023,"商品类广告"
"🦋💞小幸运꧔ꦿ᭄ღ᭄",2274573303,"色情类广告"
"·",2280024431,"商品类广告"
"安迪",2282457355,"色情类广告"
"默默",2284084811,"色情类广告"
"小小屁孩",2284802816,"拉人进群"
"星愿",2291218098,"商品类广告"
"拉姆",2291226241,"色情类广告"
"莫生气",2292853174,"金融类广告"
"不吃芹菜🥕",2310058681,"色情类广告"
"丽姐",2311531510,"色情类广告"
"青山",2323345221,"兼职类广告"
"万物",2326035755,"色情类广告"
"槑。",2329213188,"兼职类广告"
"韵离",2331820653,"色情类广告"
"矫情小婷",2332587604,"商品类广告"
"橘子",2338154258,"兼职类广告"
"平安",2353112962,"色情类广告"
"倾城",2353145374,"色情类广告"
"小红漱",2353619879,"兼职类广告"
"初七",2354423614,"兼职类广告"
"￰",2361044545,"拉人进群"
"，",2362454719,"兼职类广告"
"Admin",2371812495,"商品类广告"
"一",2375919850,"色情类广告"
"林小歹🤡",2380720183,"色情类广告"
".",2384937061,"兼职类广告"
"衤",2387134270,"兼职类广告"
"芹菜",2389437103,"金融类广告"
"挂小游戏",2391341661,"兼职类广告"
"。希望",2392473391,"商品类广告"
"加",2393798737,"商品类广告"
"山中人",2395256479,"商品类广告"
"小可爱",2396094411,"色情类广告"
"云妹子",2397173871,"色情类广告"
"2399889465",2399889465,"色情类广告"
"奶瓶",2402926411,"拉人进群"
"　　",2404540239,"兼职类广告"
"王子",2406471560,"色情类广告"
"视频",2412072754,"商品类广告"
"香菜",2412494486,"色情类广告"
"78",2417199331,"商品类广告"
"糖糖",2420390898,"色情类广告"
"温柔",2420903255,"色情类广告"
"鲸落",2421239680,"兼职类广告"
"，",2421800139,"商品类广告"
"颜奇正",2424128042,"色情类广告"
"勤奋",2424303682,"商品类广告"
"A good",2424541145,"色情类广告"
"小幸运",2427597676,"色情类广告"
"元宝",2435650569,"诈骗类广告"
"ythh",2441292685,"色情类广告"
"4",2443013448,"拉人进群"
"纯中医",2444089393,"商品类广告"
"玻璃",2446346170,"商品类广告"
"败晨收🐰",2449705940,"商品类广告"
"。",2459075353,"色情类广告"
"小豆丁",2459567232,"兼职类广告"
"冬日",2461427697,"兼职类广告"
"@.网易云热评",2461713022,"兼职类广告"
"ʚ泽ɞ",2464835110,"兼职类广告"
"尔",2467402984,"兼职类广告"
"晚晚",2468669535,"商品类广告"
"@-@",2469413085,"暴露狂，找女生聊骚"
"留守妇女巅峰营",2470398303,"色情类广告"
"YJ.",2471981259,"拉人进群"
"碎",2473068237,"商品类广告"
"杨雪",2475074277,"色情类广告"
"a喵喵🐈",2476272118,"色情类广告"
"阿辉",2485489344,"商品类广告"
"美美",2487140195,"色情类广告"
"单身也自由",2487607665,"色情类广告"
"a",2490374433,"商品类广告"
"微笑天使",2494293573,"拉人进群"
"陈少杰",2495890481,"商品类广告"
"伱丶非莪莫属",2499800067,"色情类广告"
"心痛难忍.",2502437921,"拉人进群"
"Mango",2510594216,"课程类广告"
"夏天",2515124675,"色情类广告"
"𝟭𝟮𝟭𝟭ㅤ",2516675592,"商品类广告"
".",2517984413,"拉人进群"
"侧脸",2528190988,"色情类广告"
"西北狼",2528366577,"色情类广告"
"小木",2535214428,"商品类广告"
"玲珑",2536114809,"商品类广告"
"达达",2542800708,"商品类广告"
"爱在一顺见",2544850374,"色情类广告"
"晴娃娃",2545023427,"商品类广告"
"王香云染",2545446776,"商品类广告"
"狼哥商会",2549748258,"兼职类广告"
"妍",2564147668,"商品类广告"
"倬私",2568743283,"色情类广告"
"薯片软妹子©",2570924786,"色情类广告"
"mua",2571861648,"商品类广告"
"小爷",2578148841,"色情类广告"
"小野",2583025580,"商品类广告"
"婷婷",2586749693,"色情类广告"
"淤泥波波",2587163425,"兼职类广告"
"凤姐",2590176809,"色情类广告"
"眸",2590948299,"兼职类广告"
"可爱·",2591096565,"色情类广告"
"夜神月",2592283191,"兼职类广告"
"大哥大",2592936206,"商品类广告"
"沈妤1.0",2593657651,"商品类广告"
"星宇",2594177861,"色情类广告"
"原漫漫雪",2609542267,"商品类广告"
"小小米",2609692477,"色情类广告"
"吉吉",2624259550,"兼职类广告"
"咪咪",2628942151,"拉人进群"
"陪",2635293907,"兼职类广告"
"纯情",2641643266,"色情类广告"
"你的宝",2641688521,"色情类广告"
"追",2645278142,"拉人进群"
"🕊賢賢ꦿ҈ᩚꦿꦿ᭄🥀໊",2646306973,"色情类广告"
"好想好想",2654331173,"商品类广告"
"九尾狐",2654814890,"色情类广告"
"欢喜“",2660352092,"拉人进群"
"月下",2670602923,"商品类广告"
"黄油头子",2672624775,"商品类广告"
"Yoiu",2685954003,"商品类广告"
"芒果.",2687208746,"商品类广告"
"逢考必过",2692539967,"商品类广告"
"18cm",2696482461,"色情类广告"
"aa阿姨🌹",2698055767,"色情类广告"
"少劝我放弃",2698560180,"商品类广告"
"小崔爱摄影",2705530579,"色情类广告"
"琳琳",2705755849,"兼职类广告"
"加不上at",2707782602,"商品类广告"
"小辣妹",2708134363,"色情类广告"
"小桃气·",2712341831,"色情类广告"
"花蕊",2714263923,"拉人进群"
"遗憾",2715788074,"色情类广告"
"艺婷",2719498180,"色情类广告"
"小摇子.",2721018103,"色情类广告"
"勿忘初衷",2724516218,"兼职类广告"
"上善若水",2727623457,"商品类广告"
"Alina",2731125920,"色情类广告"
"。",2734506041,"通知类广告"
"薄荷如冰i",2738067818,"色情类广告"
"连理枝",2738915185,"商品类广告"
"全国住宅",2739974331,"商品类广告"
"诀宝",2748235578,"商品类广告"
"想男人宠的女人",2750687993,"色情类广告"
"塞西莉",2752127094,"色情类广告"
"林雅",2753743805,"商品类广告"
"喜",2760104403,"商品类广告"
"ㅤ玉玊ㅤㅤ",2760178013,"色情类广告"
"饿了吃鹅",2762753446,"商品类广告"
"象征与信仰",2773308580,"色情类广告"
"敏敏",2779698558,"色情类广告"
"piZriH",2788264751,"商品类广告"
"甜头",2791504578,"兼职类广告"
"天真",2795652642,"色情类广告"
"小北",2796582626,"商品类广告"
"冷清",2801818129,"商品类广告"
"星星ovo",2802128938,"色情类广告"
"1",2804106898,"色情类广告"
"本群不能发表情包和图片",2804883670,"商品类广告"
"Miss王",2805240694,"商品类广告"
"琳琳",2805266200,"色情类广告"
"滴滴",2812658231,"色情类广告"
"梦想",2815498815,"色情类广告"
"兮兮",2817273260,"色情类广告"
"蝶舞",2823772898,"色情类广告"
"彤彤",2823966361,"色情类广告"
"如果把妹是天赋",2830937824,"兼职类广告"
"想你",2834599229,"兼职类广告"
"依依",2839584835,"色情类广告"
"小妹",2840827448,"色情类广告"
"奇卦",2841222531,"商品类广告"
"Luv letter",2844613586,"商品类广告"
"土豆",2848534135,"色情类广告"
"❤",2854543542,"色情类广告"
"伊旧",2859016608,"色情类广告"
"迪迪",2860387367,"色情类广告"
"一口奶黄包",2864103922,"商品类广告"
"甜橙",2868130640,"色情类广告"
"云游天下",2869494045,"兼职类广告"
"可可",2870768534,"色情类广告"
"随风",2871666719,"拉人进群"
"小u",2873182716,"商品类广告"
"……",2878689626,"色情类广告"
"乖乖女",2890276292,"商品类广告"
"慕枫",2892579865,"商品类广告"
"小布丁",2899335001,"色情类广告"
"乐洁之源",2901056192,"兼职类广告"
"夏夏宝宝",2903642535,"色情类广告"
"情话",2907545261,"色情类广告"
"-千岛酱",2908556230,"色情类广告"
"柒柒",2909991988,"色情类广告"
"卷卷卷心菜",2910821505,"商品类广告"
"我喜欢你",2912463474,"色情类广告"
"小乖",2914476903,"色情类广告"
"ℳ๓ღ᭄冰冰",2920555759,"色情类广告"
"甜菜.",2921534149,"商品类广告"
"小丹姐",2927405883,"色情类广告"
"熏衣草的芳香",2929719139,"商品类广告"
"菲菲",2930390005,"色情类广告"
"绿槐",2931033481,"色情类广告"
"云月惊鸿客",2935095584,"课程类广告"
"芋崽",2937529614,"拉人进群"
"浅笑安然",2938416107,"色情类广告"
"雨",2943158202,"商品类广告"
"小雪",2949985654,"表白墙类广告"
"漾",2954823144,"拉人进群"
"小雪",2955358842,"色情类广告"
"慕情",2965429409,"表白墙类广告"
"情殇",2967362258,"色情类广告"
"小测",2970812058,"拉人进群"
"左肩",2975664031,"色情类广告"
"兔兔🐰",2977448660,"色情类广告"
"花海鲜",2977576863,"色情类广告"
"淡定",2980372661,"赌博类广告"
"赵凯泽",2996903609,"商品类广告"
"小璇",3004008281,"商品类广告"
"Luckey",3004025962,"商品类广告"
"sweet.",3004025964,"商品类广告"
"小鱼.",3004025965,"商品类广告"
"懒大王.",3004026057,"商品类广告"
"有点稀饭你",3004026059,"商品类广告"
"林辞",3004029072,"商品类广告"
"小鱼宝宝",3004029073,"商品类广告"
"零碎",3004029075,"商品类广告"
"爱哭的小刘",3004029846,"商品类广告"
"苏辞",3004029848,"商品类广告"
"酒意入桃枝.",3004030433,"商品类广告"
"小西",3004030435,"商品类广告"
"清纯女主角",3004030734,"商品类广告"
"留蔓",3004119019,"商品类广告"
"兰兰",3004119024,"商品类广告"
"禾秧",3004119025,"商品类广告"
"海不迎",3004119026,"商品类广告"
"乖乖女仆",3004119027,"商品类广告"
"欢颜",3004119063,"商品类广告"
"乏味.",3004119066,"商品类广告"
"扶桑",3004119244,"商品类广告"
"格桑花",3004119255,"商品类广告"
"娇娇",3004119273,"商品类广告"
"现代",3004127530,"商品类广告"
"社内",3004132714,"商品类广告"
"苏欣落",3004133470,"商品类广告"
"爱转角.",3004133473,"商品类广告"
"鲸落.",3004133474,"商品类广告"
"小六.",3004193259,"商品类广告"
"三年又三年",3004193461,"商品类广告"
"客服",3004243971,"商品类广告"
"小欣.",3004259443,"商品类广告"
"聆听.",3004259444,"商品类广告"
"崽崽.",3004259445,"商品类广告"
"小怡同学",3004261428,"商品类广告"
"一口吃掉奥利奥.",3004261429,"商品类广告"
"呆熊吐泡泡",3004266528,"商品类广告"
"困困",3004266531,"商品类广告"
"悲伤ktity猫.",3004266536,"商品类广告"
"呆呆",3004266537,"商品类广告"
"定制",3004274765,"商品类广告"
"小石。",3004278984,"商品类广告"
"小九",3004278987,"商品类广告"
"一川月白",3004338466,"商品类广告"
"困困哒",3004338467,"商品类广告"
"心动99次",3004338468,"商品类广告"
"Arcane.",3004339119,"商品类广告"
"Angel.",3004339152,"商品类广告"
"甜气芋宝.",3004339721,"商品类广告"
"雾晨",3004339723,"商品类广告"
"半岛茶",3004339724,"商品类广告"
"桃雾妖妖",3004350547,"商品类广告"
"雾与诗",3004350548,"商品类广告"
"辞归",3004350754,"商品类广告"
"千瑾",3004350755,"商品类广告"
"21",3004357138,"商品类广告"
"23",3004359199,"商品类广告"
"奶糖.",3010584607,"拉人进群"
"坏天气",3010641721,"商品类广告"
"坡跟",3024053427,"色情类广告"
"祈愿",3025044503,"兼职类广告"
"想念的酸",3025789583,"色情类广告"
"爱睡觉的小红",3029622912,"色情类广告"
"财神",3029848251,"兼职类广告"
"博士",3034613721,"色情类广告"
"漫漫雪",3038915268,"商品类广告"
"宝宝",3041793451,"商品类广告"
"太想进步",3041804085,"拉人进群"
"李小妹",3043699122,"色情类广告"
"小北",3045477035,"商品类广告"
"24届王小蝶",3046502264,"兼职类广告"
"小灰",3048521316,"商品类广告"
"u点小糕冷",3049308430,"色情类广告"
"王亦都灵",3053328198,"商品类广告"
"丁沫哈哈",3053779754,"商品类广告"
"苏悦",3055732173,"色情类广告"
"玉米大王",3056375529,"拉人进群"
"好不好",3056463156,"商品类广告"
"小怡",3057969178,"拉人进群"
"温情",3058625271,"色情类广告"
"事",3065053712,"商品类广告"
"念念",3066311879,"色情类广告"
"误将陪伴当爱",3068305587,"兼职类广告"
"欺骗女人的事情我做不到",3071214739,"商品类广告"
"乖乖.",3071547651,"兼职类广告"
"a..",3082368592,"色情类广告"
"归故里",3084581263,"色情类广告"
"涛涛",3088742317,"色情类广告"
"小脑子",3090583022,"色情类广告"
"咩咩",3091432186,"色情类广告"
"piping",3097893256,"商品类广告"
"拱卒",3097956637,"色情类广告"
"淮海街",3100377759,"色情类广告"
"墙",3101479027,"商品类广告"
"🐳",3102424274,"色情类广告"
"眰晌.",3102863667,"兼职类广告"
"Fan",3111064062,"兼职类广告"
"唯一",3111809466,"商品类广告"
"梦想",3112490965,"商品类广告"
"花🌸╮也非花",3114363231,"拉人进群"
"墙",3115746057,"商品类广告"
".",3116105683,"商品类广告"
"阳光",3118136102,"商品类广告"
"孤独患者",3119872895,"色情类广告"
"明月楼",3121176014,"色情类广告"
"菁菁",3121177075,"色情类广告"
"小妤（封面版）",3121657007,"商品类广告"
"小伟",3125501436,"商品类广告"
"恋人",3126913409,"色情类广告"
"耶酱",3131563217,"商品类广告"
"小伟",3135498571,"商品类广告"
"11",3135558175,"商品类广告"
"呜呜",3141228838,"商品类广告"
"媚儿",3149711787,"色情类广告"
"小",3163196445,"色情类广告"
"恋予.",3165581706,"色情类广告"
"不思量",3169700785,"兼职类广告"
"熙熙在这里",3178158548,"色情类广告"
"鬼鬼🎀",3178620750,"兼职类广告"
"美丽的世界",3182264249,"色情类广告"
"山月mini",3183980146,"商品类广告"
"嫣然",3186845942,"色情类广告"
"小欣喵a",3197203981,"商品类广告"
"与浪漫幸福",3198603958,"拉人进群"
"顾久",3199192611,"色情类广告"
"涙",3199952169,"商品类广告"
"今夕何夕",3201527854,"商品类广告"
"旋律",3202245647,"商品类广告"
"姐姐",3204497818,"兼职类广告"
"莹宝",3206265819,"色情类广告"
"一枚硬币",3206739496,"色情类广告"
"伊人",3207685422,"色情类广告"
"安馨",3213356960,"色情类广告"
"天使",3213681675,"色情类广告"
"匡迪",3216408820,"色情类广告"
"歌词",3222531615,"商品类广告"
"晚晚.",3224928016,"色情类广告"
"晓晓2",3227481900,"色情类广告"
"柔情",3228576165,"色情类广告"
"惩罚",3231723616,"兼职类广告"
"^",3233277316,"商品类广告"
"爱",3235741932,"商品类广告"
"园姐",3236514530,"色情类广告"
"万岭花开",3236704889,"商品类广告"
"小陈",3238427089,"商品类广告"
"冷心",3245996521,"商品类广告"
"醉夏",3248949602,"色情类广告"
"天真",3252585607,"兼职类广告"
"月卿",3259183704,"商品类广告"
"3260998647",3260998647,"色情类广告"
"云",3276277586,"拉人进群"
"訾苏",3287460972,"色情类广告"
"溪",3287554182,"找女生爆金币"
"悠木",3293196091,"色情类广告"
"-",3293916280,"商品类广告"
"7天，1分",3294573356,"色情类广告"
"七分冰",3296989470,"商品类广告"
"奇门",3305242193,"商品类广告"
"裴迪",3314397662,"色情类广告"
"帅不帅",3314658605,"拉人进群"
"薇宝吖",3317018967,"色情类广告"
"静怡",3317712395,"色情类广告"
"佳",3317973615,"色情类广告"
"桃子",3320425878,"色情类广告"
"锦鲤",3320869190,"兼职类广告"
"芳芳",3320915906,"色情类广告"
"🦋💞小幸运꧔ꦿ᭄ღ᭄",3321564661,"色情类广告"
"z",3322643575,"拉人进群"
"栖霞",3323007285,"色情类广告"
"null",3325862582,"色情类广告"
"小狐狸",3326421174,"色情类广告"
"7Love.",3330391695,"色情类广告"
"爱腾讯",3338344183,"商品类广告"
"咕膳",3340784947,"色情类广告"
"岩岩",3341425252,"兼职类广告"
"软酱.",3343821908,"商品类广告"
"昕baby.",3345501458,"兼职类广告"
"玄",3346766778,"商品类广告"
"yu.",3347948570,"色情类广告"
"尘泽",3351060001,"兼职类广告"
"烟火",3353401689,"色情类广告"
"活动部 孙瑜",3355055657,"兼职类广告"
"Lucky",3356401265,"兼职类广告"
"小蜜",3358909641,"赌博类广告"
"杨梅",3361405284,"兼职类广告"
"宝宝",3364243700,"色情类广告"
"午夜猎魂",3364615733,"商品类广告"
"呆呆璃^",3366856368,"商品类广告"
"小安妮",3369187110,"色情类广告"
"马陪",3371409044,"色情类广告"
"柴柴",3372723532,"商品类广告"
"梦小磊",3374518600,"商品类广告"
"小娜娜姐",3378376126,"色情类广告"
"夜影",3378819643,"色情类广告"
"对你如此着迷",3380393917,"色情类广告"
"c宝",3381481785,"赌博类广告"
"奋斗",3382901341,"商品类广告"
"出",3383960968,"商品类广告"
"阿伟",3384818959,"商品类广告"
"-放纵自己",3384853404,"色情类广告"
"牛୧⍤⃝🍓仔୧⍤⃝🌸妞",3384999382,"色情类广告"
"云☁️念",3388476972,"色情类广告"
"酱酱",3390262744,"商品类广告"
"雨季——",3395744143,"色情类广告"
"一次的温柔",3396759754,"色情类广告"
"娜娜",3400366791,"商品类广告"
"念情",3402428103,"赌博类广告"
"写剂",3402943220,"色情类广告"
"不寐",3403155595,"兼职类广告"
"加",3413549021,"商品类广告"
"时光",3414949462,"课程类广告"
"扫雷",3423830967,"赌博类广告"
"筱筱",3424404864,"色情类广告"
"lsewfn",3424521065,"兼职类广告"
"软糖糖",3427961490,"色情类广告"
"涩涩",3431266204,"色情类广告"
"叶.欣",3433831592,"商品类广告"
"我想你",3434579645,"色情类广告"
"小美",3441237554,"色情类广告"
"梦",3442739621,"赌博类广告"
"加",3444163915,"商品类广告"
"ᑋᵉᑊᑊᵒ",3447674170,"拉人进群"
"弃权",3450961791,"兼职类广告"
"发芽",3451485266,"色情类广告"
"阡陌红尘",3452911723,"色情类广告"
"败晨(🥚🦵版)",3453196337,"商品类广告"
"雪耳兔",3454341046,"商品类广告"
"北宋梁山一百单八将",3458563883,"色情类广告"
"扫雷",3469838819,"赌博类广告"
"甜妹",3470938597,"色情类广告"
"离沐倾城4",3473823981,"色情类广告"
"默念",3475107375,"色情类广告"
"1",3475329920,"色情类广告"
"讨论",3476900990,"色情类广告"
"蜜汁蜜5",3481981633,"色情类广告"
"欧阳思萌",3486017293,"色情类广告"
"花季雨季",3488850560,"色情类广告"
"辈融",3491820380,"色情类广告"
"恋蝶",3492430257,"色情类广告"
"酱紫",3493536983,"商品类广告"
"老张",3494327092,"商品类广告"
"雪月",3497331587,"商品类广告"
"上课是会呼吸的痛",3503749309,"商品类广告"
"乱78糟.",3504828844,"拉人进群"
"Bladen",3505719478,"色情类广告"
"加",3505764167,"商品类广告"
"小粗暴",3507833439,"色情类广告"
"小茜",3508936088,"商品类广告"
".™𝑭𝒆𝒆𝒍𝒊𝒏𝒈",3509674142,"色情类广告"
"露思",3509783947,"色情类广告"
"💚",3512802744,"色情类广告"
"嘉嘉",3512818626,"色情类广告"
"心软",3515024147,"商品类广告"
"小美姐",3517785368,"色情类广告"
"小可爱",3519283799,"色情类广告"
"少萝",3520220943,"色情类广告"
"心善人美",3520486822,"找女生爆金币"
"小黑",3521637694,"拉人进群"
"忆心",3525226290,"色情类广告"
"美美",3530183738,"色情类广告"
"-",3530645640,"拉人进群"
"墙",3531199704,"商品类广告"
"妙妙",3533263934,"兼职类广告"
"一生有你",3535998510,"色情类广告"
"-喜爱内社",3537586724,"色情类广告"
"祁风",3538626851,"色情类广告"
"淋雨季",3539168816,"兼职类广告"
"缘定终身🍓",3540315043,"色情类广告"
"醉夏",3541742656,"色情类广告"
"T",3542013540,"兼职类广告"
"傻白甜",3542623809,"色情类广告"
"小林",3546476419,"色情类广告"
"美桂花",3547951041,"色情类广告"
"我在家里呢🇨🇳",3548868252,"色情类广告"
"1",3548917501,"商品类广告"
"乐乐",3550107251,"色情类广告"
"十一妹",3550548178,"商品类广告"
"刘姐",3550866762,"色情类广告"
"網友山順本",3553165791,"开盒类广告"
"兔兔罪",3553506926,"商品类广告"
"1",3553531398,"金融类广告"
"-",3560788505,"色情类广告"
"洗涤",3563387362,"色情类广告"
"乖乖",3564512931,"色情类广告"
"雏菊",3566265794,"色情类广告"
"剑殇",3567471334,"色情类广告"
"木桜",3569558226,"商品类广告"
"揽月",3569846961,"色情类广告"
"boss刘",3570542334,"色情类广告"
"1",3570998228,"商品类广告"
"阿南",3571023776,"商品类广告"
"@",3571460274,"色情类广告"
"想念",3575199439,"色情类广告"
"十四",3576958683,"商品类广告"
"墙",3577338619,"商品类广告"
"九尾狐",3580039673,"兼职类广告"
"诗晴",3582360265,"色情类广告"
"1.  ⁧⁧爸爸⁧ ",3586841697,"色情类广告"
"尔",3587672839,"商品类广告"
".",3587907231,"色情类广告"
"a",3590782935,"兼职类广告"
"甚",3593106786,"商品类广告"
"苦涩",3596386071,"色情类广告"
"小萌乳",3597452576,"商品类广告"
"十三舟",3601535608,"拉人进群"
"浅笑安然",3603482405,"色情类广告"
"小男孩",3603989384,"商品类广告"
"忍",3604985232,"兼职类广告"
"涵.",3613006460,"金融类广告"
"丄諦說硪sè",3616357478,"网络招嫖"
"小哭訴",3617289978,"色情类广告"
"旺仔",3621812436,"商品类广告"
"破格",3623764498,"色情类广告"
"123",3625094367,"兼职类广告"
"戚医",3625633488,"色情类广告"
"哈喽-小鱼",3626171841,"商品类广告"
"蕊",3626411070,"色情类广告"
"夏曦",3627211962,"色情类广告"
"z",3627982551,"拉人进群"
"醉夏",3628512941,"色情类广告"
"恋爱裁判",3629461085,"色情类广告"
"浩浩",3630351261,"商品类广告"
"墙",3632224577,"商品类广告"
"の",3633844923,"商品类广告"
"花海",3633997096,"商品类广告"
"嫣然清梦",3634005891,"色情类广告"
"凌枫",3634328052,"色情类广告"
"雾",3634658794,"色情类广告"
"倾城时光",3634769356,"色情类广告"
"鹏翔",3635419858,"色情类广告"
"情绪",3635466090,"色情类广告"
"张先生",3635497936,"兼职类广告"
"玲玲",3635895049,"拉人进群"
"宠儿",3636143978,"色情类广告"
"湘云",3636537753,"色情类广告"
"杨斌",3636548821,"色情类广告"
"琪姐",3636627813,"色情类广告"
"涵易",3636809221,"色情类广告"
"泪宅",3637372033,"赌博类广告"
"এ杯中烈酒໌ᮨ🚬敬余生",3637453895,"色情类广告"
"天若有情",3640261149,"商品类广告"
"岛莓",3642836741,"拉人进群"
"桑",3645231370,"商品类广告"
"拔刀",3646274849,"商品类广告"
"高冷xxs",3652614080,"色情类广告"
"泪痣",3653322198,"商品类广告"
"考霸",3653447197,"商品类广告"
"小少萝",3656559390,"色情类广告"
"怪萌",3658898296,"商品类广告"
"小泪布丁",3660398080,"拉人进群"
"Sink洛小夜",3661451064,"商品类广告"
"刀斩乱麻",3664487217,"拉人进群"
"商星星",3666073463,"商品类广告"
"小酒窝",3668976738,"商品类广告"
"汝汝",3669757677,"商品类广告"
"灰·原",3669784686,"商品类广告"
"麋鹿",3672345017,"商品类广告"
"386",3672571658,"商品类广告"
"招",3675800399,"兼职类广告"
"呐们",3675923718,"商品类广告"
"包",3680186541,"商品类广告"
"喵喵",3680794017,"赌博类广告"
"天若有情",3681035981,"商品类广告"
"泽禹",3681802393,"拉人进群"
"命好苦",3681879200,"商品类广告"
"难逃月色",3682148334,"色情类广告"
"多情",3683001548,"色情类广告"
"兔莲",3683533800,"商品类广告"
"萌天下",3683705132,"商品类广告"
"霏霏",3684286568,"色情类广告"
"夏末",3685205185,"色情类广告"
"From玲",3686874374,"色情类广告"
"制约",3687146313,"商品类广告"
"不良人天撸星",3687383342,"色情类广告"
"难过",3687742220,"商品类广告"
"..，",3688674377,"商品类广告"
"快乐",3692195991,"色情类广告"
"怕黑",3692843412,"商品类广告"
"阳光",3695991721,"色情类广告"
"Gryogじ",3696156376,"色情类广告"
"李姝瑶",3697977193,"商品类广告"
"换",3698021533,"色情类广告"
"秋雅",3698668167,"色情类广告"
"往事回首",3698899340,"色情类广告"
"凤佳佳",3699101780,"色情类广告"
"艳软",3750624970,"商品类"
"泡芙",3751677423,"兼职类广告"
"味粥",3751906644,"色情类广告"
"Cir",3752397610,"商品类广告"
"坏蛋",3753512838,"商品类广告"
"好.",3759034364,"色情类广告"
"果实",3761480082,"色情类广告"
"冲突挂号",3763482643,"兼职类广告"
"缺一点坏",3765182380,"商品类广告"
"愿君多采撷",3766364077,"商品类广告"
"恨骨",3768143225,"兼职类广告"
"小欣",3768427840,"兼职类广告"
"心事",3772061403,"商品类广告"
"....",3772078687,"色情类广告"
"墙",3772857508,"商品类广告"
"孟③",3773362575,"商品类广告"
"7oo Maverick",3775809220,"商品类广告"
"药",3778183902,"商品类广告"
"窝呆呆滴",3779826307,"拉人进群"
"听",3781255636,"色情类广告"
"半月",3782202377,"商品类广告"
"余生",3782334379,"兼职类广告"
"黑猫",3783035883,"色情类广告"
"和平",3783531150,"商品类广告"
"一杯冰美式",3786521259,"色情类广告"
"梦卿",3787055686,"商品类广告"
"难过",3788024787,"商品类广告"
"恩",3790948710,"色情类广告"
"医学",3792985595,"论文类广告"
"急处从宽",3795051182,"色情类广告"
"猴子斯沃思402",3796766944,"拉人进群"
"梅姐",3796817294,"色情类广告"
"Doll诱",3797863910,"兼职类广告"
"富迪",3798103811,"色情类广告"
"动态🇸 🇹姐妹",3799117105,"色情类广告"
"前程似锦",3803141898,"兼职类广告"
"白袜",3804773115,"色情类广告"
"甜甜",3811047940,"色情类广告"
"miko",3811780883,"商品类广告"
"小怡y",3812456118,"商品类广告"
"心结",3813306073,"商品类广告"
"特刊",3814984260,"色情类广告"
"天下汇-老三",3816073614,"金融类广告"
"奢潮小屋",3818126715,"商品类广告"
"4000+",3819794284,"商品类广告"
"缘为冰",3820165760,"色情类广告"
"Violet",3820263362,"色情类广告"
"小船儿",3821202389,"金融类广告"
"阴天",3821392747,"色情类广告"
"迷笛",3822132760,"色情类广告"
"嘻嘻",3822142538,"色情类广告"
"清水",3822644261,"商品类广告"
"Q8lKhQE",3822854698,"拉人进群"
"凌晨",3823398806,"色情类广告"
"运营",3823765766,"兼职类广告"
"妮宝",3823884538,"兼职类广告"
"阿宇",3824541150,"课程类广告"
"萝莉",3824635592,"色情类广告"
"￴",3824706016,"商品类广告"
"柚子",3824741880,"兼职类广告"
"179",3825028640,"商品类广告"
"小小",3825319370,"兼职类广告"
"甜柚",3825401035,"兼职类广告"
"24届张凡",3826093264,"兼职类广告"
"匿名",3826444655,"商品类广告"
"風見易雁",3826932756,"色情类广告"
"资源",3827020015,"色情类广告"
"裴姐",3827457412,"色情类广告"
"欢欢喜喜",3827536175,"商品类广告"
"嘻嘻嘻",3827746447,"色情类广告"
"洗洗",3827998784,"色情类广告"
"不懂",3828014760,"商品类广告"
"无尾猫",3829802661,"色情类广告"
"7uu Misgsvnl",3829895169,"商品类广告"
"荒唐精",3830256320,"色情类广告"
"小辉",3830566177,"金融类广告"
"111",3830593195,"通知群类广告"
"迟来的耳洞",3830644160,"色情类广告"
"睡午觉",3831039177,"色情类广告"
"女高",3831267901,"色情类广告"
"Ds萌萌",3831884891,"色情类广告"
"徐雅婷",3832648818,"色情类广告"
"叨来米",3832865986,"商品类广告"
"蜜汁蜜23",3833160664,"色情类广告"
"芸芸",3833484660,"色情类广告"
"磨课",3833617771,"色情类广告"
"小玛丽",3833675031,"兼职类广告"
"兜里",3833974485,"色情类广告"
"1晚安、",3833984043,"色情类广告"
"可可",3834370637,"色情类广告"
"粉宝蜜媛",3835161261,"色情类广告"
"心动",3835447376,"色情类广告"
"12",3835712028,"商品类广告"
"天道酬勤",3836057801,"色情类广告"
"23级徐冰洁",3836788529,"兼职类广告"
"肌肤",3836878724,"色情类广告"
"芳芳",3836890627,"色情类广告"
"然后",3837199145,"色情类广告"
"佳",3837285863,"色情类广告"
"唱片",3837318295,"色情类广告"
"79",3837384427,"拉人进群"
"花开花落",3837453181,"色情类广告"
"lsnkage",3837547772,"商品类广告"
"？",3837980506,"色情类广告"
"。",3838215161,"色情类广告"
"瑜木脑袋",3838318551,"兼职类广告"
"心动",3838442460,"色情类广告"
"红蝶",3838845189,"色情类广告"
"悦君兮",3839186852,"兼职类广告"
"加",3839739968,"商品类广告"
"望眼欲穿",3840597652,"金融类广告"
"可恩",3841276679,"兼职类广告"
"烦不凡",3841436734,"兼职类广告"
"借钱拉黑",3841684335,"兼职类广告"
"小羊咩咩",3841941761,"兼职类广告"
"小麦",3842399631,"色情类广告"
"爱腾讯",3842559808,"商品类广告"
"紫嫣",3842775549,"色情类广告"
"明媚",3844558743,"色情类广告"
"NCER",3844670360,"色情类广告"
"BBQ",3844812304,"兼职类广告"
"you",3845053836,"兼职类广告"
"青稞",3845203310,"色情类广告"
"八点睡",3845603238,"色情类广告"
"离婚的女人",3845624684,"色情类广告"
"sHq",3845650480,"色情类广告"
"孤云灵曼",3845905362,"色情类广告"
"原罪兔",3846501251,"商品类广告"
"小说",3846502695,"兼职类广告"
"有点帅",3846753425,"兼职类广告"
"可昕",3847708983,"色情类广告"
"小溪",3848230412,"色情类广告"
"清纯小妹",3848346576,"色情类广告"
"asd",3848676963,"兼职类广告"
"楚依依",3849102125,"色情类广告"
"老葫芦",3849237889,"商品类广告"
"AG",3849650484,"色情类广告"
"FUR",3849693731,"兼职类广告"
"RnFYW",3850506008,"色情类广告"
"仙仙",3850963636,"色情类广告"
"你的小熊呢",3851238690,"商品类广告"
"萧潇",3851294525,"色情类广告"
"江雾",3851397604,"商品类广告"
"离婚的女人",3851481573,"色情类广告"
"素年凉音",3851719113,"色情类广告"
"雨姑娘",3851816071,"色情类广告"
"Tessa",3852198208,"拉人进群"
"小夏宅",3852238212,"商品类广告"
"心心",3852262554,"色情类广告"
"王丽莉",3853209850,"色情类广告"
"可可",3853359078,"色情类广告"
"←_←←_←",3853525157,"色情类广告"
"K",3853564336,"兼职类广告"
"程",3853768869,"兼职类广告"
"一只琪",3853882427,"商品类广告"
"橘朵",3854790549,"色情类广告"
"幸尤里",3855078365,"色情类广告"
"那事",3856081438,"色情类广告"
"·",3856446238,"商品类广告"
"冬日的栀子花",3856465948,"商品类广告"
"L",3856558513,"商品类广告"
"不一样",3856865753,"兼职类广告"
"燕子",3857909391,"色情类广告"
"是小困啦",3858276474,"色情类广告"
"兮 兮",3858405685,"色情类广告"
"颖",3859264907,"拉人进群"
"k豆",3859534512,"商品类广告"
"嗯哼",3859960626,"色情类广告"
"小昱",3859989376,"拉人进群"
"叶子",3860016750,"色情类广告"
"阿来",3860873006,"色情类广告"
"黄昏",3861451615,"色情类广告"
"抹额wo",3862274697,"色情类广告"
"不吃香菜",3862755465,"拉人进群"
"μ",3862804716,"兼职类广告"
"七七",3862807693,"色情类广告"
"花花",3862909217,"色情类广告"
"英星",3863014006,"色情类广告"
"飞哥",3863779775,"兼职类广告"
"特勒",3864018684,"色情类广告"
"收手",3864162421,"色情类广告"
"小甜心",3864900530,"色情类广告"
"子清",3865884850,"商品类广告"
"小猫",3866515553,"色情类广告"
"梦秋",3867034588,"色情类广告"
"热歌",3867370843,"色情类广告"
"枇杷",3867447092,"兼职类广告"
"椰壳",3867742902,"色情类广告"
"卡布达",3868128408,"兼职类广告"
"幸福其实很简单",3868972049,"商品类广告"
"A",3870218439,"色情类广告"
"大鲵",3871509545,"色情类广告"
"李子曦",3871716685,"商品类广告"
"？",3871787199,"商品类广告"
"清寒",3872107323,"兼职类广告"
"rUDbH",3872124336,"色情类广告"
"厌",3872600908,"商品类广告"
"芝芝",3872640660,"色情类广告"
"胡图图",3872726487,"通知群类广告"
"玖柒",3873003832,"色情类广告"
"ㅤ",3873155467,"色情类广告"
"藕丁",3873320307,"色情类广告"
"动漫嘎嘎",3873439459,"色情类广告"
"心跳",3874356782,"兼职类广告"
"香水百合",3874451638,"色情类广告"
"1",3874479830,"色情类广告"
"小妹妹",3874707962,"色情类广告"
"玉兔",3875205394,"兼职类广告"
"加",3875316847,"商品类广告"
"粉宝蜜媛",3876003967,"色情类广告"
"weii",3876097736,"兼职类广告"
"随便",3876178420,"色情类广告"
"李文静",3876759916,"兼职类广告"
"随缘随性",3877437644,"商品类广告"
"主人",3878549309,"色情类广告"
"接",3879389644,"商品类广告"
"梅花",3880039921,"兼职类广告"
"爱了爱了",3880130318,"色情类广告"
"小姐姐",3880305330,"色情类广告"
"玖",3881402793,"通知群类广告"
"遇安",3881789557,"赌博类广告"
"Eiei",3881906187,"商品类广告"
"苦尽甘来",3882786675,"兼职类广告"
"赵雪",3882999360,"色情类广告"
"绅博男装",3883154034,"兼职类广告"
"迷人",3884555298,"兼职类广告"
"起皱",3884567011,"色情类广告"
"小冰",3884958033,"色情类广告"
"不知",3885170486,"商品类广告"
"雪之梦",3885233815,"商品类广告"
"……",3885726730,"色情类广告"
"荔枝",3885806054,"色情类广告"
"黑膜",3886122910,"色情类广告"
"涂色",3886215746,"色情类广告"
"特喵",3887125681,"色情类广告"
"Ds萌哒",3888044919,"色情类广告"
"零",3888180877,"赌博类广告"
"7",3888190751,"色情类广告"
"天晴去看你",3888955085,"兼职类广告"
"慧慧",3890828564,"兼职类广告"
"看见",3890864115,"色情类广告"
"初心",3891605814,"兼职类广告"
"1",3891791516,"兼职类广告"
"伴喵",3891819208,"商品类广告"
"阿梓",3892216192,"兼职类广告"
"sjty",3892454514,"色情类广告"
"老婆",3892461302,"色情类广告"
"biu的否",3893040604,"兼职类广告"
"safnjv",3893749455,"商品类广告"
"哈哈",3893944971,"拉人进群"
"刘佳琪",3894224118,"色情类广告"
"桃桃2",3894228165,"商品类广告"
"小陈",3894660636,"赌博类广告"
"空简",3894899521,"色情类广告"
"中国🚴🏻💻🎥",3895206672,"拉人进群"
"R★",3895468377,"色情类广告"
"沉",3895484026,"拉人进群"
"咖啡",3895961568,"色情类广告"
"1",3896151466,"商品类广告"
"可可",3896371742,"色情类广告"
"卖果旗的",3896459659,"拉人进群"
"不点",3896754872,"色情类广告"
"懒人",3898484354,"兼职类广告"
"难再续",3898568197,"兼职类广告"
"暗",3898671009,"色情类广告"
"鲍鲍",3898854231,"色情类广告"
"咩咩",3898978118,"色情类广告"
"梦小磊",3899031400,"商品类广告"
"༺❀༃霸道༃西总❀༻",3899143425,"拉人进群"
"北越",3899355664,"色情类广告"
"陈小雨",3900303470,"赌博类广告"
"妖狐",3900552395,"商品类广告"
"Despair",3909255393,"兼职类广告"
"1.2",3910552165,"商品类广告"
"雨纷纷",3911357571,"商品类广告"
"麋鹿",3911902923,"商品类广告"
"痛定思痛",3915150751,"商品类广告"
"麋鹿",3916321161,"商品类广告"
"1111",3917761818,"赌博类广告"
"❄",3918932193,"兼职类广告"
"A",3919620880,"商品类广告"
"楚遥",3920906672,"兼职类广告"
"火鸡面",3921093371,"商品类广告"
"Gavin",3922161805,"商品类"
"融蓉",3922896254,"色情类广告"
"有点小",3923314857,"色情类广告"
"A.小雨（水印版",3923491063,"商品类广告"
"周一见",3924050969,"通知类广告"
"加油吧",3924594828,"兼职类广告"
"小忧郁",3924687554,"拉人进群"
"格局",3925163264,"色情类广告"
"一针见血",3925831307,"色情类广告"
"faqxLzZI",3926020573,"色情类广告"
"甜甜酱",3926062126,"兼职类广告"
"洋阳鸯",3928191392,"色情类广告"
"陈萍",3928225665,"色情类广告"
"空山栀子",3929479957,"色情类广告"
"甜豆",3929643818,"色情类广告"
"甜豆",3929643819,"色情类广告"
"Doll",3929946057,"商品类广告"
"蜜桃三",3929989769,"色情类广告"
"jLx",3930280482,"色情类广告"
"Giselle与",3930480679,"色情类广告"
"女大陪玩❤️",3930493914,"色情类广告"
"笔墨",3930614437,"色情类广告"
"甜甜",3930701770,"色情类广告"
"童乐",3930725416,"色情类广告"
"不吃雪糕了",3930984375,"兼职类广告"
"校花",3931047560,"色情类广告"
"王琼琼",3931108231,"商品类广告"
"配色",3931441458,"色情类广告"
"雾",3931884393,"商品类广告"
"kk",3932358446,"商品类广告"
"ˇ呆萌瞎、°",3932971698,"色情类广告"
"金蛇子帆",3934092473,"色情类广告"
"幸运星",3934191300,"兼职类广告"
"小猪",3934570767,"色情类广告"
"南风知我意",3934693836,"色情类广告"
"东海鉴恒",3934834318,"色情类广告"
"求抱抱",3934870397,"兼职类广告"
"找找",3934952174,"色情类广告"
"未来桑￣y▽￣~*",3936227241,"色情类广告"
"希希",3936358830,"商品类广告"
"克露克",3936381553,"兼职类广告"
"推荐",3938294433,"色情类广告"
"加",3938668699,"商品类广告"
"24级孙小梅",3938792096,"兼职类广告"
"沫沫",3939178860,"色情类广告"
"陈乐乐",3939262486,"商品类广告"
"色诺",3939498621,"色情类广告"
"Ca",3939645780,"赌博类广告"
"河口",3939801483,"色情类广告"
"粉宝蜜援",3940396068,"色情类广告"
"古帝",3940674531,"色情类广告"
"仰望星空",3941022891,"色情类广告"
"猪油仔",3941104071,"兼职类广告"
"王亦涵",3941188385,"商品类广告"
"西了个瓜",3941263547,"兼职类广告"
"许",3941373773,"商品类广告"
"镜花水月",3941594164,"色情类广告"
"三月_",3941644489,"兼职类广告"
"hrdf",3942394127,"色情类广告"
"如果当时",3942526813,"兼职类广告"
"随意",3942541624,"商品类广告"
"NBTengrJ",3942625538,"色情类广告"
"change",3943030756,"色情类广告"
"霍元",3943459245,"色情类广告"
"夏季",3944015027,"色情类广告"
"琪琪",3944616866,"色情类广告"
"小代",3944631079,"商品类广告"
"桃心",3945089855,"兼职类广告"
"卢迪",3945543648,"色情类广告"
"寯",3945824779,"色情类广告"
"子琳",3946458316,"色情类广告"
"sdfwerw",3946638180,"色情类广告"
".",3946851576,"兼职类广告"
"终极梦想",3946891633,"色情类广告"
"菠萝公主与山竹大王",3947139824,"兼职类广告"
"隋隋",3947322041,"商品类广告"
"木兰",3947680811,"色情类广告"
"无限可击",3947958468,"色情类广告"
"A韩语夕172",3948120137,"商品类广告"
"欣怡",3948736264,"色情类广告"
"静",3949052722,"兼职类广告"
"BB小饼",3949143732,"兼职类广告"
"Daisy",3949355641,"色情类广告"
"4gxL",3949568662,"色情类广告"
"a小文",3949830852,"色情类广告"
"萌物",3949839600,"商品类广告"
"茉彻",3950142241,"赌博类广告"
"香菜",3951378513,"色情类广告"
"Mcdyhz35",3951879408,"色情类广告"
"A",3952441608,"兼职类广告"
"川酱",3952639664,"商品类广告"
"Owen",3952974954,"色情类广告"
"嘻嘻",3953909506,"色情类广告"
"佳佳呀",3954409326,"商品类广告"
"小新",3954419841,"商品类广告"
"小猫",3954639719,"色情类广告"
"清风",3954878386,"商品类广告"
"小美",3954961915,"色情类广告"
"嘎婆",3955096470,"色情类广告"
"茶丸",3955334984,"商品类广告"
"朝阳",3956396858,"兼职类广告"
"原",3957708421,"商品类广告"
"十里春",3958089494,"兼职类广告"
"香奈儿",3958121407,"色情类广告"
"turft",3958205347,"赌博类广告"
"雨雪漫漫",3958436787,"兼职类广告"
"音乐go",3958555394,"色情类广告"
"惠惠",3959115641,"商品类广告"
"Aaron",3959324199,"色情类广告"
"0609",3959468486,"商品类广告"
"a茹茹",3959929687,"色情类广告"
"月亮",3960417193,"色情类广告"
"夏天",3961347092,"色情类广告"
"美琳",3961412355,"色情类广告"
"肉包包",3961635646,"商品类广告"
"季节",3961759716,"商品类广告"
"🚬",3961975018,"色情类广告"
"JK",3963379002,"色情类广告"
"咕咕",3963850376,"色情类广告"
"项链",3964116725,"色情类广告"
"安培",3964473895,"色情类广告"
"心事",3965159596,"商品类广告"
"犀利",3965676542,"色情类广告"
"阆中",3966275394,"商品类广告"
"娜娜最可爱",3966469084,"兼职类广告"
"LLQdgNdG",3966678500,"色情类广告"
"Ursula",3966993113,"商品类广告"
"奶油猪猪",3967106774,"兼职类广告"
"Air",3967246984,"色情类广告"
"春风",3967589229,"色情类广告"
"更新",3968891394,"色情类广告"
"伤心",3968907212,"色情类广告"
"逛街",3969117597,"色情类广告"
"萝莉",3969148620,"色情类广告"
"梦一场",3969209661,"商品类广告"
"Yx淼淼",3969236346,"色情类广告"
"JJ菠萝",3969396197,"色情类广告"
"傲雪寒梅",3970681130,"色情类广告"
"，",3970743037,"商品类广告"
"静雯",3970872703,"兼职类广告"
"sunn",3971078194,"商品类广告"
"铽忒",3971476878,"色情类广告"
"Y绒x绒毛",3971570483,"色情类广告"
"接",3971825668,"商品类广告"
"贴膜",3972774379,"色情类广告"
"平平",3973337126,"色情类广告"
"咳咳",3973382065,"色情类广告"
"收一类",3973744173,"金融类广告"
"甜甜酱",3973860193,"兼职类广告"
"洋河",3973901544,"色情类广告"
"呆呆羊",3974053695,"商品类广告"
"雪七妹",3974853119,"商品类广告"
"分享",3975058289,"色情类广告"
"微🍒米",3975501032,"色情类广告"
"爱腾讯",3976037112,"兼职类广告"
"鲸-01",3976626794,"色情类广告"
"喜欢喝可乐",3976658772,"兼职类广告"
"与V",3977848379,"色情类广告"
"夜雨",3978102216,"色情类广告"
"公主裙",3978180199,"商品类广告"
"朦胧美",3978367674,"色情类广告"
"季夏",3979082398,"商品类广告"
"生活情调",3979628190,"商品类广告"
"彩虹",3979856659,"色情类广告"
"H",3980006308,"兼职类广告"
"歌碟",3980290115,"色情类广告"
"Hazel",3980385805,"色情类广告"
"sasioverlxrd",3981008419,"商品类广告"
"N0",3981848067,"商品类广告"
"秋风悲画扇",3982371223,"拉人进群"
"抢红抱了🍎",3983315256,"赌博类广告"
"后悔",3983368445,"色情类广告"
"segd",3983381096,"色情类"
"徐欣悦",3983534408,"兼职类广告"
"无敌元气妹",3983574515,"兼职类广告"
"平安通讯顺风车",3984643443,"兼职类广告"
"捏一把糖",3984643603,"商品类广告"
"泡芙",3984675213,"色情类广告"
"天真心",3984928817,"商品类广告"
"刘海及腰是贞子",3985030683,"色情类广告"
"夕阳红",3985141602,"色情类广告"
"曹灵薇",3986208230,"色情类广告"
"只喜欢",3986429834,"色情类广告"
"冷雨",3986525487,"兼职类广告"
"清浅",3986541538,"商品类"
"法哥日结",3986907897,"兼职类广告"
"一可",3987207447,"色情类广告"
"你好",3987310275,"兼职类广告"
"新",3987585105,"色情类广告"
"学姐",3988518443,"商品类广告"
"冰红茶",3989731638,"色情类广告"
"mmmm",3991241835,"色情类广告"
"沈枝意",3991493403,"色情类广告"
"ovo",3991833400,"商品类广告"
"樱桃",3991978996,"兼职类广告"
"Godyou",3992134397,"色情类广告"
"丁文静",3992587400,"兼职类广告"
"念",3992629181,"兼职类广告"
"小冷",3992879047,"色情类广告"
"尾巴花的爱情",3992977941,"色情类广告"
"宝宝",3993425265,"商品类广告"
"HDK",3994070064,"色情类广告"
"欧尼宝宝",3994504822,"色情类广告"
"小无忧",3994649693,"商品类广告"
"茶山",3994755409,"兼职类广告"
"爱恨随意",3994826337,"色情类广告"
"雨魅",3994858662,"商品类广告"
"开心快乐每一天",3996185836,"色情类广告"
"躺着",3997284609,"色情类广告"
"豆腐渣",3997707472,"色情类广告"
"不争",3997923537,"商品类广告"
"人各有命",3998516042,"商品类广告"
"合作",3998944732,"兼职类广告"
"后悔2",3998952620,"色情类广告"
"我卡了米",3999348014,"商品类广告"
"久呓",3999475780,"兼职类广告"
"小淘气",29623076552,"色情类广告"
